timestamp,noise_voltage,noise_freq_offset,noise_timing_offset,ber
2026-05-27 20:43:21.660,0.30000000000000004,0,1,0.00000000
2026-05-27 20:43:22.463,0.30000000000000004,0,1,0.00074850
2026-05-27 20:43:23.265,0.30000000000000004,0,1,0.00024534
2026-05-27 20:43:24.068,0.0,0,1,0.00024851
2026-05-27 20:43:24.868,0.0,0,1,0.00000000
2026-05-27 20:43:25.668,0.0,0,1,0.00000000
2026-05-27 20:43:26.476,0.0,0,1,0.00000000
2026-05-27 20:43:27.279,0.6000000000000001,0,1,0.02177104
2026-05-27 20:43:28.088,0.6000000000000001,0,1,0.01333333
2026-05-27 20:43:28.889,0.6000000000000001,0,1,0.02516619
2026-05-27 20:43:29.696,0.6000000000000001,0,1,0.02046568
2026-05-27 20:43:30.499,0.6000000000000001,0,1,0.01738492
2026-05-27 20:43:31.299,1.0,0,1,0.14942671
2026-05-27 20:43:32.100,1.0,0,1,0.25931907
2026-05-27 20:43:32.900,1.0,0,1,0.12811877
2026-05-27 20:43:33.700,1.0,0,1,0.12811877
2026-05-27 20:43:34.502,0.8,0,1,0.12811877
2026-05-27 20:43:35.306,0.8,0,1,0.12811877
2026-05-27 20:43:36.111,0.8,0,1,0.12811877
2026-05-27 20:43:36.912,0.8,0,1,0.12811877
2026-05-27 20:43:37.716,0.6000000000000001,0,1,0.02020958
2026-05-27 20:43:38.517,0.6000000000000001,0,1,0.01347305
2026-05-27 20:43:39.317,0.6000000000000001,0,1,0.02161100
2026-05-27 20:43:40.117,0.6000000000000001,0,1,0.01293532
2026-05-27 20:43:40.918,0.7000000000000001,0,1,0.04771835
2026-05-27 20:43:41.718,0.7000000000000001,0,1,0.03639083
2026-05-27 20:43:42.519,0.7000000000000001,0,1,0.03639083
2026-05-27 20:43:43.320,0.7000000000000001,0,1,0.03639083
2026-05-27 20:43:44.125,0.7000000000000001,0,1,0.03639083
2026-05-27 20:43:44.929,0.7000000000000001,0,1,0.03639083
2026-05-27 20:43:45.732,0.9,0,1,0.03639083
2026-05-27 20:43:46.533,0.9,0,1,0.03639083
2026-05-27 20:43:47.334,0.9,0,1,0.03639083
2026-05-27 20:43:48.135,0.9,0,1,0.03639083
2026-05-27 20:43:48.935,0.9,0,1,0.03639083
2026-05-27 20:43:49.738,0.6000000000000001,0,1,0.01715686
2026-05-27 20:43:50.538,0.6000000000000001,0,1,0.02783300
2026-05-27 20:43:51.338,0.6000000000000001,0,1,0.02320727
2026-05-27 20:43:52.142,0.5,0,1,0.42004955
2026-05-27 20:43:52.943,0.5,0,1,0.42061412
2026-05-27 20:43:53.745,0.5,0,1,0.00497018
2026-05-27 20:43:54.545,0.5,0,1,0.00883219
2026-05-27 20:43:55.347,0.5,0,1,0.00499002
2026-05-27 20:43:56.148,0.5,0,1,0.00907753
2026-05-27 20:43:56.948,0.5,0,1,0.00588235
2026-05-27 20:43:57.748,0.5,0,1,0.00652805
2026-05-27 20:43:58.549,0.5,0,1,0.00667302
2026-05-27 20:43:59.352,0.5,0,1,0.00923361
2026-05-27 20:44:00.153,0.4,0,1,0.00199601
2026-05-27 20:44:00.955,0.4,0,1,0.00221022
2026-05-27 20:44:01.755,0.30000000000000004,0,1,0.00098135
2026-05-27 20:44:02.556,0.30000000000000004,0,1,0.00074850
2026-05-27 20:44:03.357,0.30000000000000004,0,1,0.00067325
2026-05-27 20:44:04.159,0.30000000000000004,0,1,0.00049751
2026-05-27 20:44:04.960,0.30000000000000004,0,1,0.00024534
2026-05-27 20:44:05.762,0.30000000000000004,0,1,0.00000000
2026-05-27 20:44:06.562,0.0,0,1,0.00000000
2026-05-27 20:44:07.362,0.0,0,1,0.00000000
2026-05-27 20:44:08.167,0.0,0,1,0.00000000
2026-05-27 20:44:08.968,0.0,0,1,0.00000000
2026-05-27 20:44:09.768,0.0,0.1,1,0.37131995
2026-05-27 20:44:10.569,0.0,0.1,1,0.37131992
2026-05-27 20:44:11.370,0.0,0.1,1,0.37131992
2026-05-27 20:44:12.170,0.0,0.1,1,0.37131989
2026-05-27 20:44:12.974,0.0,0.1,1,0.37131989
2026-05-27 20:44:13.775,0.0,0.05,1,0.37131989
2026-05-27 20:44:14.576,0.0,0.05,1,0.37131989
2026-05-27 20:44:15.376,0.0,0.05,1,0.37131992
2026-05-27 20:44:16.177,0.0,0.0,1,0.37205306
2026-05-27 20:44:16.978,0.0,0.0,1,0.37201196
2026-05-27 20:44:17.780,0.0,0.0,1,0.37236339
2026-05-27 20:44:18.580,0.0,0.0,1,0.00000000
2026-05-27 20:44:19.381,0.0,0.0,1,0.00000000
2026-05-27 20:44:20.183,0.0,0.05,1,0.39446723
2026-05-27 20:44:20.983,0.0,0.05,1,0.74772286
2026-05-27 20:44:21.783,0.0,0.05,1,0.98180479
2026-05-27 20:44:22.585,0.0,0.05,1,0.98209029
2026-05-27 20:44:23.386,0.0,0.05,1,0.98209029
2026-05-27 20:44:24.186,0.0,0.05,1,0.98209029
2026-05-27 20:44:24.988,0.0,0.05,1,0.98209018
2026-05-27 20:44:25.791,0.0,0.0,1,0.00000000
2026-05-27 20:44:26.591,0.0,0.0,1,0.00000000
2026-05-27 20:44:27.393,0.0,0.0,1,0.00000000
2026-05-27 20:44:28.193,0.0,0.0,1,0.00000000
2026-05-27 20:44:28.996,0.0,0.0,1,0.00000000
2026-05-27 20:44:29.797,0.0,0.05,1,0.97996718
2026-05-27 20:44:30.598,0.0,0.05,1,0.97996718
2026-05-27 20:45:17.376,0,0.008,1,0.00000000
2026-05-27 20:45:18.177,0,0.008,1,0.00000000
2026-05-27 20:45:18.982,0,0.008,1,0.00000000
2026-05-27 20:45:19.782,0,0.008,1,0.00000000
2026-05-27 20:45:20.583,0,0.008,1,0.00000000
2026-05-27 20:45:21.384,0,0.008,1,0.00000000
2026-05-27 20:45:22.188,0,0.009000000000000001,1,0.00000000
2026-05-27 20:45:22.989,0,0.010000000000000002,1,0.00000000
2026-05-27 20:45:23.793,0,0.010000000000000002,1,0.00000000
2026-05-27 20:45:24.594,0,0.010000000000000002,1,0.00000000
2026-05-27 20:45:25.395,0,0.019,1,0.00000000
2026-05-27 20:45:26.195,0,0.019,1,0.00000000
2026-05-27 20:45:26.996,0,0.019,1,0.00000000
2026-05-27 20:45:27.798,0,0.029,1,0.00000000
2026-05-27 20:45:28.599,0,0.029,1,0.00000000
2026-05-27 20:45:29.399,0,0.029,1,0.00000000
2026-05-27 20:45:30.199,0,0.029,1,0.00000000
2026-05-27 20:45:31.002,0,0.038,1,0.00000000
2026-05-27 20:45:31.802,0,0.038,1,0.00000000
2026-05-27 20:45:32.607,0,0.038,1,0.00000000
2026-05-27 20:45:33.407,0,0.049,1,0.00000000
2026-05-27 20:45:34.208,0,0.049,1,0.00000000
2026-05-27 20:45:35.009,0,0.049,1,0.00000000
2026-05-27 20:45:35.815,0,0.049,1,0.00000000
2026-05-27 20:45:36.616,0,0.054,1,0.00000000
2026-05-27 20:45:37.419,0,0.054,1,0.00000000
2026-05-27 20:45:38.225,0,0.054,1,0.00000000
2026-05-27 20:45:39.028,0,0.066,1,0.00000000
2026-05-27 20:45:39.828,0,0.066,1,0.00000000
2026-05-27 20:45:40.631,0,0.066,1,0.00000000
2026-05-27 20:45:41.431,0,0.092,1,0.00000000
2026-05-27 20:45:42.232,0,0.092,1,0.00000000
2026-05-27 20:45:43.036,0,0.092,1,0.00000000
2026-05-27 20:45:43.839,0,0.092,1,0.00000000
2026-05-27 20:45:44.639,0,0.113,1,0.00000000
2026-05-27 20:45:45.440,0,0.113,1,0.00000000
2026-05-27 20:45:46.240,0,0.063,1,0.00000000
2026-05-27 20:45:47.043,0,0.063,1,0.00000000
2026-05-27 20:45:47.843,0,0.05,1,0.00000000
2026-05-27 20:45:48.644,0,0.044,1,0.00000000
2026-05-27 20:45:49.449,0,0.023,1,0.00000000
2026-05-27 20:45:50.251,0,0.023,1,0.00000000
2026-05-27 20:45:51.051,0,0.023,1,0.00000000
2026-05-30 15:29:33.049,0,0,1,0.00000000
2026-05-30 15:29:33.850,0,0,1,0.00000000
2026-05-30 15:29:34.659,0,0,1,0.00000000
2026-05-30 15:29:35.460,0,0,1,0.00000000
2026-05-30 15:29:36.260,0.5,0,1,0.00502874
2026-05-30 15:29:37.061,0.5,0,1,0.00711482
2026-05-30 15:29:37.862,0.5,0,1,0.00633528
2026-06-20 15:31:33.431,0,0,1,0.00000000
2026-06-20 15:31:34.234,0,0,1,0.00000000
2026-06-20 15:31:35.035,0.1,0,1,0.00000000
2026-06-20 15:31:35.836,0.1,0,1,0.00000000
2026-06-20 15:31:36.636,0.1,0,1,0.00000000
2026-06-20 15:31:37.438,0.2,0,1,0.00000000
2026-06-20 15:31:38.238,0.2,0,1,0.00000000
2026-06-20 15:31:39.039,0.0,0,1,0.00000000
2026-06-20 15:31:39.849,0.0,0,1,0.00000000
2026-06-20 15:31:40.650,0.0,0,1,0.00000000
2026-06-20 15:31:41.456,0.0,0,1,0.00000000
2026-06-20 15:31:42.256,0.0,0,1,0.00000000
2026-06-20 15:31:43.057,0.0,0.001,1,0.00000000
2026-06-20 15:31:43.860,0.0,0.003,1,0.00000000
2026-06-20 15:31:44.661,0.0,0.008,1,0.00000000
2026-06-20 15:31:45.463,0.0,0.010000000000000002,1,0.00000000
2026-06-20 15:31:46.263,0.0,0.010000000000000002,1,0.00000000
2026-06-20 15:31:47.065,0.0,0.010000000000000002,1,0.00000000
2026-06-20 15:31:47.868,0.0,0.010000000000000002,1,0.00000000
2026-06-20 15:31:48.668,0.0,0.010000000000000002,1,0.00000000
2026-06-20 15:32:33.256,0,0,1,0.00000000
2026-06-20 15:32:34.059,0,0,1,0.00000000
2026-06-20 15:32:34.862,0,0.05,1,0.50000000
2026-06-20 15:32:35.662,0,0.05,1,0.50024521
2026-06-20 15:32:36.463,0,0.05,1,0.50024527
2026-06-20 15:32:37.263,0,0.05,1,0.50024533
2026-06-20 15:32:38.064,0,0.05,1,0.50024533
2026-06-20 15:32:38.864,0,0.05,1,0.50024533
2026-06-20 15:32:39.664,0,0.05,1,0.50024533
2026-06-20 15:32:40.464,0,0.05,1,0.50024527
2026-06-20 15:32:41.266,0,0.0,1,0.69455349
2026-06-20 15:32:42.067,0,0.0,1,0.69492149
2026-06-20 15:32:42.870,0,0.0,1,0.00000000
2026-06-20 15:32:43.672,0,0.05,1,0.50024521
2026-06-20 15:32:44.472,0,0.05,1,0.50099701
2026-06-20 15:32:45.273,0,0.05,1,0.50000000
2026-06-20 15:32:46.075,0,0.05,1,0.50000000
2026-06-20 15:32:46.876,0,0.1,1,0.50000000
2026-06-20 15:32:47.677,0,0.1,1,0.50000000
2026-06-20 15:32:48.479,0,0.0,1,0.50000000
2026-06-20 15:32:49.280,0,0.0,1,0.00000000
2026-06-20 15:32:50.081,0,0.0,1,0.00000000
2026-06-20 15:33:21.341,0,0.01,1,0.00000000
2026-06-20 15:33:22.144,0,0.01,1,0.00000000
2026-06-20 15:33:22.947,0,0.01,1,0.00000000
2026-06-20 15:33:23.753,0,0.01,1,0.00000000
2026-06-20 15:33:24.557,0,0.02,1,0.00000000
2026-06-20 15:33:25.361,0,0.02,1,0.00000000
2026-06-20 15:33:26.161,0,0.02,1,0.00000000
2026-06-20 15:33:26.965,0,0.02,1,0.00000000
2026-06-20 15:33:27.766,0,0.03,1,0.02355250
2026-06-20 15:33:28.568,0,0.03,1,0.01711379
2026-06-20 15:33:29.368,0,0.03,1,0.01678184
2026-06-20 15:33:30.173,0,0.03,1,0.01989195
2026-06-20 15:33:30.973,0,0.03,1,0.01440430
2026-06-20 15:33:31.777,0,0.03,1,0.01485149
2026-06-20 15:33:32.580,0,0.03,1,0.01743391
2026-06-20 15:33:33.381,0,0.04,1,0.00284900
2026-06-20 15:33:34.181,0,0.04,1,0.00368369
2026-06-20 15:33:34.985,0,0.04,1,0.00294985
2026-06-20 15:33:35.793,0,0.04,1,0.00223658
2026-06-20 15:33:36.595,0,0.04,1,0.00357802
2026-06-20 15:33:37.396,0,0.04,1,0.00434783
2026-06-20 15:33:38.198,0,0.05,1,0.14465176
2026-06-20 15:33:38.998,0,0.05,1,0.25336891
2026-06-20 15:33:39.800,0,0.05,1,0.25644088
2026-06-20 15:33:40.601,0,0.05,1,0.25644085
2026-06-20 15:33:41.401,0,0.05,1,0.25644085
2026-06-20 15:33:42.203,0,0.060000000000000005,1,0.25644085
2026-06-20 15:33:43.003,0,0.060000000000000005,1,0.25644085
2026-06-20 15:33:43.804,0,0.060000000000000005,1,0.25644085
2026-06-20 15:33:44.605,0,0.060000000000000005,1,0.25644085
2026-06-20 15:33:45.408,0,0.060000000000000005,1,0.25644085
2026-06-20 15:33:46.210,0,0.060000000000000005,1,0.25644085
2026-06-20 15:33:47.012,0,0.07,1,0.25644088
2026-06-20 15:33:47.816,0,0.07,1,0.25644085
2026-06-20 15:33:48.614,0,0.07,1,0.25644085
2026-06-20 15:33:49.415,0,0.07,1,0.25644085
2026-06-20 15:54:15.619,0,0,1,0.00000000
2026-06-20 15:54:16.422,0,0,1,0.00000000
2026-06-20 15:54:17.222,0,0,1,0.00000000
2026-06-20 15:54:18.022,0,0,1,0.00000000
2026-06-20 15:54:18.823,0,0,1,0.00000000
2026-06-20 15:54:19.623,0,0,1,0.00000000
2026-06-20 15:54:20.428,0,0,1,0.00000000
2026-06-20 15:54:21.229,0,0,1,0.00000000
2026-06-20 15:54:22.030,0,0,1,0.00000000
2026-06-20 15:54:22.841,0,0,1,0.00000000
2026-06-20 15:54:23.642,0,0,1,0.00000000
2026-06-20 15:54:24.444,0,0,1,0.00000000
2026-06-20 15:54:25.248,0,0,1,0.00000000
2026-06-20 15:54:26.050,0,0,1,0.00000000
2026-06-20 15:54:26.864,0.4,0,1,0.00000000
2026-06-20 15:54:27.663,0.0,0,1,0.00000000
2026-06-20 15:54:28.466,0.0,0,1,0.00000000
2026-06-20 15:54:29.269,0.0,0,1,0.00000000
2026-06-20 15:54:30.070,0.0,0,1,0.00000000
2026-06-20 15:54:30.880,0.0,0,1,0.00000000
2026-06-20 15:54:31.681,0.0,0,1,0.00000000
2026-06-20 15:54:32.481,0.0,0,1,0.00000000
2026-06-20 15:54:33.283,0.0,0,1,0.00000000
2026-06-20 15:54:34.084,0.0,0,1,0.00000000
2026-06-20 15:54:34.889,0.0,0,1,0.00000000
2026-06-20 15:54:35.690,0.0,0,1,0.00000000
2026-06-20 15:54:36.491,0.0,0,1,0.00000000
2026-06-20 15:54:37.291,0.0,0,1,0.00000000
2026-06-20 15:54:38.108,0.0,0,1,0.00000000
2026-06-20 15:54:38.912,0.0,0,1,0.00000000
2026-06-20 15:54:39.712,0.0,0.02,1,0.00000000
2026-06-20 15:54:40.516,0.0,0.02,1,0.48793542
2026-06-20 15:54:41.319,0.0,0.02,1,0.48654515
2026-06-20 15:54:42.122,0.0,0.01,1,0.48797840
2026-06-20 15:54:42.922,0.0,0.01,1,0.48797843
2026-06-20 15:54:43.724,0.0,0.0,1,0.48797843
2026-06-20 15:54:44.525,0.0,0.0,1,0.48797843
2026-06-20 15:54:45.326,0.0,0.0,1,0.48797840
2026-06-20 15:54:46.130,0.0,0.05,1,0.48797843
2026-06-20 15:54:46.931,0.0,0.19,1,0.48797843
2026-06-20 15:54:47.732,0.0,0.11,1,0.48797843
2026-06-20 15:54:48.546,0.0,0.0,1,0.43995097
2026-06-20 15:54:49.351,0.0,0.0,1,0.44060636
2026-06-20 15:54:50.152,0.0,0.0,1,0.43801844
2026-06-20 15:54:50.956,0.0,0.0,1,0.00000000
2026-06-20 15:54:51.757,0.0,0.0,1,0.00000000
2026-06-20 15:54:52.558,0.0,0.01,1,0.00000000
2026-06-20 15:54:53.358,0.0,0.0,1,0.00000000
2026-06-20 15:54:54.160,0.0,0.0,1,0.00000000
2026-06-20 15:54:54.961,0.0,0.02,1,0.00000000
2026-06-20 15:54:55.761,0.0,0.02,1,0.48895976
2026-06-20 15:54:56.562,0.0,0.0,1,0.48890826
2026-06-20 15:54:57.363,0.0,0.0,1,0.48890826
2026-06-20 15:54:58.163,0.0,0.0,1,0.48890826
2026-06-20 15:54:58.967,0.0,0.0,1,0.48890826
2026-06-20 15:54:59.769,0.0,0.03,1,0.48890826
2026-06-20 15:55:00.570,0.0,0.03,1,0.48890826
2026-06-20 15:55:01.376,0.0,0.03,1,0.48890826
2026-06-20 15:55:30.697,0,0.01,1,0.00000000
2026-06-20 15:55:31.503,0,0.01,1,0.00000000
2026-06-20 15:55:32.308,0,0.01,1,0.00000000
2026-06-20 15:55:33.115,0,0.01,1,0.00000000
2026-06-20 15:55:33.918,0,0.02,1,0.00000000
2026-06-20 15:55:34.729,0,0.02,1,0.00000000
2026-06-20 15:55:35.529,0,0.02,1,0.00000000
2026-06-20 15:55:36.329,0,0.03,1,0.00148810
2026-06-20 15:55:37.129,0,0.03,1,0.01666667
2026-06-20 15:55:37.934,0,0.03,1,0.01422964
2026-06-20 15:55:38.736,0,0.03,1,0.01789264
2026-06-20 15:55:39.536,0,0.02,1,0.00000000
2026-06-20 15:55:40.337,0,0.01,1,0.00000000
2026-06-20 15:55:41.137,0,0.01,1,0.00000000
2026-06-20 15:55:41.938,0,0.0,1,0.00000000
2026-06-20 15:55:42.744,0,0.02,1,0.25136000
2026-06-20 15:55:43.550,0,0.02,1,0.25136000
2026-06-20 15:55:44.353,0,0.01,1,0.25136000
2026-06-20 15:55:45.156,0,0.01,1,0.25136000
2026-06-20 15:55:45.959,0,0.0,1,0.25136003
2026-06-20 15:55:46.761,2.0,0.0,1,0.25136003
2026-06-20 15:55:47.563,0.0,0.0,1,0.25136003
2026-06-20 15:55:48.373,0.0,0.0,1,0.00000000
2026-06-20 15:55:49.182,0.0,0.0,1,0.00000000
2026-06-20 15:55:49.982,0.0,0.0,1,0.00000000
2026-06-20 15:55:50.784,0.0,0.0,1,0.00000000
2026-06-20 15:55:51.585,0.0,0.01,1,0.00000000
2026-06-20 15:55:52.385,0.0,0.01,1,0.00000000
2026-06-20 15:55:53.186,0.0,0.02,1,0.00000000
2026-06-20 15:55:53.987,0.0,0.02,1,0.00000000
2026-06-20 15:55:54.792,0.0,0.02,1,0.00000000
2026-06-20 15:55:55.595,0.0,0.02,1,0.00000000
2026-06-20 15:55:56.396,0.0,0.02,1,0.00000000
2026-06-20 15:55:57.199,0.0,0.02,1,0.00000000
2026-06-20 15:55:57.999,0.0,0.02,1,0.00000000
2026-06-20 15:55:58.801,0.0,0.02,1,0.00000000
2026-06-20 15:55:59.602,0.0,0.02,1,0.00000000
2026-06-20 15:56:00.410,0.0,0.02,1,0.00000000
2026-06-20 15:56:01.215,0.0,0.02,1,0.00000000
2026-06-20 15:56:02.017,0.0,0.02,1,0.00000000
2026-06-20 15:56:02.818,0.0,0.02,1,0.00000000
2026-06-20 15:56:03.619,0.0,0.02,1,0.00000000
2026-06-20 15:56:04.420,0.0,0.02,1,0.00000000
2026-06-20 15:56:05.221,0.0,0.02,1,0.00000000
2026-06-20 15:56:06.023,0.0,0.03,1,0.00000000
2026-06-20 15:56:06.823,0.0,0.03,1,0.01384804
2026-06-20 15:56:07.624,0.0,0.03,1,0.01738095
2026-06-20 15:56:08.424,0.0,0.03,1,0.43618798
2026-06-20 15:56:09.224,0.0,0.03,1,0.43056917
2026-06-20 15:56:10.028,0.0,0.03,1,0.01794493
2026-06-20 15:56:10.841,0.0,0.03,1,0.01571856
2026-06-20 15:56:11.643,0.0,0.02,1,0.00000000
2026-06-20 15:56:12.443,0.0,0.02,1,0.00000000
2026-06-20 15:56:13.244,0.0,0.02,1,0.00000000
2026-06-20 15:56:14.047,0.0,0.03,1,0.03043912
2026-06-20 15:56:14.852,0.0,0.03,1,0.01841846
2026-06-20 15:56:15.652,0.0,0.03,1,0.01627734
2026-06-20 15:56:16.459,0.0,0.02,1,0.12500000
2026-06-20 15:56:17.260,0.0,0.02,1,0.12500000
2026-06-20 15:56:18.061,0.0,0.02,1,0.00000000
2026-06-20 15:56:18.861,0.0,0.02,1,0.00000000
2026-06-20 15:56:19.661,0.0,0.02,1,0.00000000
2026-06-20 15:56:20.466,0.0,0.03,1,0.00894608
2026-06-20 15:56:21.269,0.0,0.03,1,0.01766438
2026-06-20 15:56:22.074,0.0,0.03,1,0.01669990
2026-06-20 15:56:22.877,0.0,0.03,1,0.01645692
2026-06-20 15:56:23.678,0.0,0.03,1,0.01343458
2026-06-20 15:56:24.480,0.0,0.03,1,0.01435644
2026-06-20 15:56:25.280,0.0,0.04,1,0.00466143
2026-06-20 15:56:26.082,0.0,0.04,1,0.00241313
2026-06-20 15:56:26.886,0.0,0.04,1,0.00441609
2026-06-20 15:56:27.687,0.0,0.04,1,0.00670308
2026-06-20 15:56:28.492,0.0,0.04,1,0.00262154
2026-06-20 15:56:29.292,0.0,0.04,1,0.00449550
2026-06-20 15:56:30.099,0.0,0.04,1,0.00381316
2026-06-20 15:56:30.900,0.0,0.05,1,0.25485560
2026-06-20 15:56:31.702,0.0,0.05,1,0.36564961
2026-06-20 15:56:32.504,0.0,0.05,1,0.36564961
2026-06-20 15:56:33.306,0.0,0.04,1,0.36564961
2026-06-20 15:56:34.110,0.0,0.04,1,0.36564967
2026-06-20 15:56:34.910,0.0,0.04,1,0.36564961
2026-06-20 15:56:35.711,0.0,0.05,1,0.36564967
2026-06-20 15:56:36.512,0.0,0.05,1,0.36564961
2026-06-20 15:56:37.313,0.0,0.05,1,0.36564967
2026-06-20 15:56:38.118,0.0,0.05,1,0.36564967
2026-06-20 15:56:38.923,0.0,0.05,1,0.36564967
2026-06-20 15:56:39.725,0.0,0.0,1,0.36564961
2026-06-20 15:56:40.526,0.0,0.0,1,0.36564961
2026-06-20 15:56:41.332,0.0,0.0,1,0.36564961
2026-06-20 15:56:42.133,0.0,0.01,1,0.36564967
2026-06-20 15:56:42.935,0.0,0.0,1,0.36564961
2026-06-20 15:56:43.735,0.5,0.0,1,0.36564967
2026-06-20 15:56:44.535,0.0,0.0,1,0.36564967
2026-06-20 15:56:45.339,0.0,0.0,1,0.00000000
2026-06-20 15:56:46.142,0.0,0.0,1,0.00000000
2026-06-20 15:58:21.982,0,0,1,0.00000000
2026-06-20 15:58:22.788,0,0,1,0.00000000
2026-06-20 15:58:23.588,0,0,1,0.00000000
2026-06-20 15:58:24.388,0,0,1,0.00000000
2026-06-20 15:58:25.189,0,0,1,0.00000000
2026-06-20 15:58:25.990,0,0,1,0.00000000
2026-06-20 15:58:26.791,0,0,1,0.00000000
2026-06-20 15:58:27.594,0,0,1,0.00000000
2026-06-20 15:58:28.423,0,0,1,0.00000000
2026-06-20 15:58:29.228,0,0,1,0.00000000
2026-06-20 15:58:30.034,0,0,1,0.00000000
2026-06-20 15:58:30.835,0,0,1,0.00000000
2026-06-20 15:58:31.647,0,0,1,0.00000000
2026-06-20 15:58:32.448,0,0,1,0.00000000
2026-06-20 15:58:33.248,0,0,1,0.00000000
2026-06-20 15:58:34.049,0,0,1,0.00000000
2026-06-20 15:58:34.856,0,0,1,0.00000000
2026-06-20 15:58:35.660,0,0,1,0.00000000
2026-06-20 15:58:36.461,0,0,1,0.00000000
2026-06-20 15:58:37.261,0,0,1,0.00000000
2026-06-20 15:58:38.066,0,0,1,0.00000000
2026-06-20 15:58:38.866,0,0,1,0.00000000
2026-06-20 15:58:39.675,0,0,1,0.00000000
2026-06-20 15:58:40.477,0,0,1,0.00000000
2026-06-20 15:58:41.279,0,0,1,0.00000000
2026-06-20 15:58:42.084,0,0,1,0.00000000
2026-06-20 15:58:42.880,0,0,1,0.00000000
2026-06-20 15:58:43.686,0,0,1,0.00000000
2026-06-20 15:58:44.488,0,0,1,0.00000000
2026-06-20 15:58:45.289,0,0,1,0.00000000
2026-06-20 15:58:46.089,0,0,1,0.00000000
2026-06-20 15:58:46.891,0,0.01,1,0.00000000
2026-06-20 15:58:47.692,0,0.01,1,0.00000000
2026-06-20 15:58:48.493,0,0.0,1,0.00000000
2026-06-20 15:58:49.294,0,0.0,1,0.00000000
2026-06-20 15:58:50.096,0,0.0,1,0.00000000
2026-06-20 15:58:50.896,0,0.0,1,0.00000000
2026-06-20 15:58:51.699,0,0.0,1,0.00000000
2026-06-20 15:58:52.500,0,0.0,1,0.00000000
2026-06-20 15:58:53.301,0,0.0,1,0.00000000
2026-06-20 15:58:54.103,0,0.0,1,0.00000000
2026-06-20 15:58:54.904,0,0.0,1,0.00000000
2026-06-26 21:23:51.958,0,0,1,0.00000000
2026-06-26 21:23:52.760,0,0,1,0.00000000
2026-06-26 21:23:53.560,0,0,1,0.00000000
2026-06-26 21:23:54.361,0,0,1,0.00000000
2026-06-26 21:23:55.163,0,0,1,0.00000000
2026-06-26 21:23:55.966,0,0,1,0.00000000
2026-06-26 21:23:56.775,0,0,1,0.00000000
2026-06-26 21:23:57.576,0,0,1,0.00000000
2026-06-26 21:23:58.376,0,0,1,0.00000000
2026-06-26 21:23:59.177,2.3000000000000003,0,1,0.00000000
2026-06-26 21:23:59.977,0.0,0,1,0.00000000
2026-06-26 21:24:00.780,0.0,0,1,0.00000000
2026-06-26 21:24:01.583,0.0,0,1,0.00000000
2026-06-26 21:24:02.384,0.0,0,1,0.00000000
2026-06-26 21:24:03.187,0.0,0,1,0.00000000
2026-06-26 21:24:03.986,0.0,0,1,0.00000000
2026-06-26 21:24:04.787,0.0,0,1,0.00000000
2026-06-26 21:24:05.593,0.0,0,1,0.00000000
2026-06-26 21:24:06.394,0.0,0,1,0.00000000
2026-06-26 21:24:07.211,0.0,0,1,0.00000000
2026-06-26 21:24:08.012,0.0,0,1,0.00000000
2026-06-26 21:24:08.813,0.0,0.01,1,0.00000000
2026-06-26 21:24:09.617,0.0,0.01,1,0.00000000
2026-06-26 21:24:10.420,0.0,0.0,1,0.00000000
2026-06-26 21:24:11.236,0.0,0.0,1,0.00000000
2026-06-26 21:24:12.044,0.0,0.0,1,0.00000000
2026-06-26 21:24:12.845,0.0,0.0,1,0.00000000
2026-06-26 21:24:13.649,0.0,0.0,1,0.00000000
2026-06-26 21:24:14.451,0.0,0.0,1,0.00000000
2026-06-26 21:24:36.248,0,0,1,0.00000000
2026-06-26 21:24:37.050,0,0,1,0.00000000
2026-06-26 21:24:37.868,0,0,1,0.00000000
2026-06-26 21:24:38.670,0,0,1,0.00000000
2026-06-26 21:24:39.472,0,0,1,0.00000000
2026-06-26 21:24:40.276,0,0,1,0.00000000
2026-06-26 21:24:41.078,0,-0.01999999999999999,1,0.00000000
2026-06-26 21:24:41.878,0,-0.01999999999999999,1,0.00000000
2026-06-26 21:24:42.681,0,-0.01999999999999999,1,0.00000000
2026-06-26 21:24:43.490,0,-0.01999999999999999,1,0.00000000
2026-06-26 21:24:44.291,0,-0.010000000000000009,1,0.49689671
2026-06-26 21:24:45.094,0,-0.010000000000000009,1,0.50334829
2026-06-26 21:24:45.898,0,0.010000000000000009,1,0.49877930
2026-06-26 21:24:46.702,0,0.010000000000000009,1,0.49851039
2026-06-26 21:24:47.503,0,0.020000000000000018,1,0.49851039
2026-06-26 21:24:48.315,0,0.020000000000000018,1,0.49851042
2026-06-26 21:24:49.134,0,0.020000000000000018,1,0.49851039
2026-06-26 21:24:49.936,0,0.020000000000000018,1,0.49851039
2026-06-26 21:24:50.741,0,0.020000000000000018,1,0.49851042
2026-06-26 21:24:51.546,0,-0.010000000000000009,1,0.49851039
2026-06-26 21:24:52.348,0,-0.010000000000000009,1,0.49851039
2026-06-26 21:24:53.148,0,-0.010000000000000009,1,0.49851039
2026-06-26 21:24:53.959,0,-0.010000000000000009,1,0.49851039
2026-06-26 21:24:54.761,0,-0.010000000000000009,1,0.49851039
2026-06-26 21:24:55.561,0,-0.010000000000000009,1,0.49851042
2026-06-26 21:24:56.361,0,0.0,1,0.49851039
2026-06-26 21:24:57.161,0,0.0,1,0.49851042
2026-06-26 21:24:57.966,0,0.0,1,0.49851039
2026-06-26 21:24:58.766,0,0.0,1,0.49851039
2026-06-26 21:24:59.567,0,0.0,1,0.49851042
2026-06-26 21:25:00.368,0,0.0,1,0.49851039
2026-06-26 21:25:01.168,0,0.0,1,0.49851039
2026-06-26 21:25:01.970,0,0.0,1,0.49851039
2026-06-26 21:25:02.770,0,0.0,1,0.49851042
2026-06-26 21:25:03.571,0,0.0,1,0.49851042
2026-06-26 21:25:04.371,0,0.0,1,0.49851042
2026-06-26 21:25:05.171,0,0.0,1,0.49851042
2026-06-26 21:25:05.984,0,0.0,1,0.49851039
2026-06-26 21:25:06.842,0,0.0,1,0.49851039
2026-06-26 21:25:07.643,0,0.0,1,0.49851039
2026-06-26 21:25:08.443,0,0.0,1,0.49851042
2026-06-26 21:25:09.243,0,0.0,1,0.49851039
2026-06-26 21:25:37.439,0,0,1,0.00000000
2026-06-26 21:25:38.239,0,0,1,0.00000000
2026-06-26 21:25:39.046,0,0,1,0.00000000
2026-06-26 21:25:39.849,0,0,1,0.00000000
2026-06-26 21:25:40.654,0,0,1,0.00000000
2026-06-26 21:25:41.455,0,0,1,0.00000000
2026-06-26 21:25:42.255,0,0,1,0.00000000
2026-06-26 21:25:43.055,0,0,1,0.00000000
2026-06-26 21:25:43.856,0,0,1,0.00000000
2026-06-26 21:25:44.661,0,0,1,0.00000000
2026-06-26 21:25:45.471,0,0,1,0.00000000
2026-06-26 21:25:46.272,0,0,1,0.00000000
2026-06-26 21:25:47.072,0,0,1,0.00000000
2026-06-26 21:25:47.879,0,0,1,0.00000000
2026-06-26 21:25:48.679,0,0,1,0.00000000
2026-06-26 21:25:49.482,0,0,1,0.00000000
2026-06-26 21:25:50.284,0,0,1,0.00000000
2026-06-26 21:25:51.097,0,0,1,0.00000000
2026-06-26 21:25:51.899,0,0,1,0.00000000
2026-06-26 21:25:52.700,0,0,1,0.00000000
2026-06-26 21:25:53.503,0,0,1,0.00000000
2026-06-26 21:26:17.515,0,0,1,0.00000000
2026-06-26 21:26:50.420,0,0,1,0.00000000
2026-06-26 21:26:51.221,0,0,1,0.00000000
2026-06-26 21:26:52.040,0,0,1,0.00000000
2026-06-26 21:26:52.844,0,0,1,0.00000000
2026-06-26 21:26:53.653,0,0,1,0.00000000
2026-06-26 21:26:54.471,0,0,1,0.00000000
2026-06-26 21:26:55.291,0,0,1,0.00000000
2026-06-26 21:26:56.108,0,0,1,0.00000000
2026-06-26 21:26:56.931,0,0,1,0.00000000
2026-06-26 21:26:57.747,0,0,1,0.00000000
2026-06-26 21:26:58.566,0,0,1,0.00000000
2026-06-26 21:26:59.366,0,0,1,0.00000000
2026-06-26 21:27:00.177,0,0,1,0.00000000
2026-06-26 21:27:01.000,0,0,1,0.00000000
2026-06-26 21:27:01.817,0,0,1,0.00000000
2026-06-26 21:27:02.635,0,0,1,0.00000000
2026-06-26 21:27:03.456,0,0,1,0.00000000
2026-06-26 21:27:04.273,0,0,1,0.00000000
2026-06-26 21:27:05.090,0,0,1,0.00000000
2026-06-26 21:27:05.891,0,0,1,0.00000000
2026-06-26 21:27:06.710,0,0,1,0.00000000
2026-06-26 21:27:07.532,0,0,1,0.00000000
2026-06-26 21:27:08.349,0,0,1,0.00000000
2026-06-26 21:27:09.162,0,0,1,0.00000000
2026-06-26 21:27:09.982,0,0,1,0.00000000
2026-06-26 21:27:10.784,0,0,1,0.00000000
2026-06-26 21:27:11.594,0,0,1,0.00000000
2026-06-26 21:27:12.415,0,0,1,0.00000000
2026-06-26 21:27:13.231,0,0,1,0.00000000
2026-06-26 21:27:14.049,0,0,1,0.00000000
2026-06-26 21:27:14.849,0,0,1,0.00000000
2026-06-26 21:27:15.658,0,0,1,0.00000000
2026-06-26 21:27:16.482,0,0,1,0.00000000
2026-06-26 21:27:37.018,0,0,1,0.00000000
2026-06-26 21:27:37.819,0,0,1,0.00000000
2026-06-26 21:27:38.624,0,0,1,0.00000000
2026-06-26 21:27:39.426,0,-0.01,1,0.00000000
2026-06-26 21:27:40.229,0,-0.04,1,0.00000000
2026-06-26 21:27:41.035,0,-0.05,1,0.00000000
2026-06-26 21:27:41.836,0,-0.05,1,0.00000000
2026-06-26 21:27:42.641,0,-0.05,1,0.00000000
2026-06-26 21:27:43.441,0,-0.05,1,0.00000000
2026-06-26 21:27:44.247,0,-0.05,1,0.00000000
2026-06-26 21:27:45.049,0,-0.05,1,0.00000000
2026-06-26 21:27:45.851,0,-0.05,1,0.00000000
2026-06-26 21:27:46.654,0,-0.05,1,0.00000000
2026-06-26 21:27:47.455,0,-0.05,1,0.50372761
2026-06-26 21:27:48.284,0,-0.05,1,0.00000000
2026-06-26 21:27:49.085,0,-0.05,1,0.50000000
2026-06-26 21:27:49.886,0,-0.05,1,0.49987787
2026-06-26 21:27:50.687,0,-0.05,1,0.48234734
2026-06-26 21:27:51.491,0,-0.05,1,0.00000000
2026-06-26 21:27:52.291,0,-0.05,1,0.00000000
2026-06-26 21:27:53.091,0,-0.05,1,0.00000000
2026-06-26 21:27:53.891,0,-0.05,1,0.00000000
2026-06-26 21:27:54.691,0,-0.05,1,0.00000000
2026-06-26 21:27:55.495,0,-0.05,1,0.00000000
2026-06-26 21:27:56.298,0,-0.05,1,0.00000000
2026-06-26 21:27:57.100,0,-0.05,1,0.00000000
2026-06-26 21:27:57.912,0,-0.05,1,0.00000000
2026-06-26 21:27:58.716,0,-0.05,1,0.00000000
2026-06-26 21:27:59.516,0,-0.05,1,0.00000000
2026-06-26 21:28:00.316,0,-0.05,1,0.00000000
2026-06-26 21:28:01.118,0,-0.05,1,0.00000000
2026-06-26 21:28:01.919,0,-0.05,1,0.00000000
2026-06-26 21:28:02.720,0,-0.05,1,0.00000000
2026-06-26 21:28:03.525,0,-0.05,1,0.00000000
2026-06-26 21:28:04.325,0,-0.05,1,0.00000000
2026-06-26 21:28:05.130,0,-0.05,1,0.00000000
2026-06-26 21:28:05.932,0,-0.05,1,0.00000000
2026-06-26 21:28:06.734,0,-0.05,1,0.00000000
2026-06-26 21:28:07.536,0,-0.05,1,0.00000000
2026-06-26 21:28:08.337,0,-0.05,1,0.00000000
2026-06-26 21:28:09.138,0,-0.05,1,0.00000000
2026-06-26 21:28:09.939,0,-0.05,1,0.00000000
2026-06-26 21:28:10.739,0,-0.05,1,0.00000000
2026-06-26 21:28:11.541,0,-0.05,1,0.50048876
2026-06-26 21:28:12.341,0,-0.05,1,0.00000000
2026-06-26 21:28:13.141,0,-0.05,1,0.00000000
2026-06-26 21:28:13.956,0,-0.05,1,0.50074774
2026-06-26 21:28:14.756,0,-0.05,1,0.50000000
2026-06-26 21:28:15.557,0,-0.05,1,0.50000000
2026-06-26 21:28:16.360,0,-0.05,1,0.50000000
2026-06-26 21:29:36.505,0,0,1,0.00000000
2026-06-26 21:29:37.306,0,0,1,0.00000000
2026-06-26 21:29:38.114,0,0,1,0.00000000
2026-06-26 21:29:38.915,0,0,1,0.00000000
2026-06-26 21:29:39.717,0,0,1,0.00000000
2026-06-26 21:29:40.520,0,0,1,0.00000000
2026-06-26 21:29:41.323,0,0,1,0.00000000
2026-06-26 21:29:42.124,0,0,1,0.00000000
2026-06-26 21:29:42.925,0,0,1,0.00000000
2026-06-26 21:29:43.730,0,0,1,0.00000000
2026-06-26 21:29:44.530,0,0,1,0.00000000
2026-06-26 21:29:45.333,0,0,1,0.00000000
2026-06-26 21:29:46.136,0,0,1,0.00000000
2026-06-26 21:29:46.938,0,0,1,0.00000000
2026-06-26 21:29:47.740,0,0,1,0.00000000
2026-06-26 21:29:48.542,0,0,1,0.00000000
2026-06-26 21:29:49.351,0,0,1,0.00000000
2026-06-26 21:29:50.155,0,0,1,0.00000000
2026-06-26 21:29:50.955,0,0,1,0.00000000
2026-06-26 21:29:51.755,0,0,1,0.00000000
2026-06-26 21:29:52.559,0,0,1,0.00000000
2026-06-26 21:29:53.359,0,0,1,0.00000000
2026-06-26 21:29:54.160,0,0,1,0.00000000
2026-06-26 21:29:54.960,0,0,1,0.00000000
2026-06-26 21:29:55.761,0,0,1,0.00000000
2026-06-26 21:29:56.564,0,0,1,0.00000000
2026-06-26 21:29:57.374,0,0,1,0.00000000
2026-06-26 21:29:58.176,0,0,1,0.00000000
2026-06-26 21:29:58.976,0,0,1,0.00000000
2026-06-26 21:29:59.777,0,0,1,0.00000000
2026-06-26 21:30:00.578,0,0,1,0.00000000
2026-06-26 21:30:01.382,0,0,1,0.00000000
2026-06-26 21:30:02.191,0,0,1,0.00000000
2026-06-26 21:30:03.000,0,0,1,0.00000000
2026-06-26 21:30:03.802,0,0,1,0.00000000
2026-06-26 21:30:04.607,0,0,1,0.00000000
2026-06-26 21:30:05.408,0,0,1,0.00000000
2026-06-26 21:30:06.209,0,0,1,0.00000000
2026-06-26 21:30:07.013,0,0,1,0.00000000
2026-06-26 21:30:07.814,0,0,1,0.00000000
2026-06-26 21:30:08.615,0,0,1,0.00000000
2026-06-26 21:30:09.415,0,0,1,0.00000000
2026-06-26 21:30:10.216,0,0,1,0.00000000
2026-06-26 21:30:11.020,0,0,1,0.00000000
2026-06-26 21:30:11.822,0,0,1,0.00000000
2026-06-26 21:30:12.624,0,0,1,0.00000000
2026-06-26 21:30:13.424,0,0,1,0.00000000
2026-06-26 21:30:14.226,0,0,1,0.00000000
2026-06-26 21:30:15.033,0,0,1,0.00000000
2026-06-26 21:30:15.842,0,0,1,0.00000000
2026-06-26 21:30:16.643,0,0,1,0.00000000
2026-06-26 21:30:17.444,0,0,1,0.00000000
2026-06-26 21:30:18.249,0,0,1,0.00000000
2026-06-26 21:30:19.049,0,0,1,0.00000000
2026-06-26 21:30:19.866,0,0,1,0.00000000
2026-06-26 21:30:20.675,0,0,1,0.00000000
2026-06-26 21:30:21.476,0,0,1,0.00000000
2026-06-26 21:30:22.280,0,0,1,0.00000000
2026-06-26 21:30:23.085,0,0,1,0.00000000
2026-06-26 21:30:23.886,0,0,1,0.00000000
2026-06-26 21:30:24.692,0,0,1,0.00000000
2026-06-26 21:30:25.502,0,0,1,0.00000000
2026-06-26 21:30:26.319,0,0,1,0.00000000
2026-06-26 21:30:27.119,0,0,1,0.00000000
2026-06-26 21:30:27.926,0,0,1,0.00000000
2026-06-26 21:30:28.727,0,0,1,0.00000000
2026-06-26 21:30:29.535,0,0,1,0.00000000
2026-06-26 21:30:30.345,0,0,1,0.00000000
2026-06-26 21:30:31.149,0,0,1,0.00000000
2026-06-26 21:30:31.951,0,0,1,0.00000000
2026-06-26 21:30:32.756,0,0,1,0.00000000
2026-06-26 21:30:33.564,0,0,1,0.00000000
2026-06-26 21:30:34.366,0,0,1,0.00000000
2026-06-26 21:30:35.170,0,0,1,0.00000000
2026-06-26 21:30:35.972,0,0,1,0.00000000
2026-06-26 21:30:36.775,0,0,1,0.00000000
2026-06-26 21:30:37.575,0,0,1,0.00000000
2026-06-26 21:30:38.377,0,0,1,0.00000000
2026-06-26 21:30:39.180,0,0,1,0.00000000
2026-06-26 21:30:39.981,0,0,1,0.00000000
2026-06-26 21:30:40.781,0,0,1,0.00000000
2026-06-26 21:30:41.587,0,0,1,0.00000000
2026-06-26 21:30:42.385,0,0,1,0.00000000
2026-06-26 21:30:43.185,0,0,1,0.00000000
2026-06-26 21:30:43.986,0,0,1,0.00000000
2026-06-26 21:30:44.789,0,0,1,0.00000000
2026-06-26 21:30:45.594,0,0,1,0.00000000
2026-06-26 21:30:46.396,0,0,1,0.00000000
2026-06-26 21:30:47.197,0,0,1,0.00000000
2026-06-26 21:30:48.001,0,0,1,0.00000000
2026-06-26 21:30:48.802,0,0,1,0.00000000
2026-06-26 21:30:49.612,0,0,1,0.00000000
2026-06-26 21:30:50.427,0,0,1,0.00000000
2026-06-26 21:30:51.226,0,0,1,0.00000000
2026-06-26 21:30:52.031,0,0,1,0.00000000
2026-06-26 21:30:52.832,0,0,1,0.00000000
2026-06-26 21:30:53.635,0,0,1,0.00000000
2026-06-26 21:30:54.435,0,0,1,0.00000000
2026-06-26 21:30:55.236,0,0,1,0.00000000
2026-06-26 21:30:56.036,0,0,1,0.00000000
2026-06-26 21:30:56.873,0,0,1,0.00000000
2026-06-26 21:30:57.674,0,0,1,0.00000000
2026-06-26 21:30:58.476,0,0,1,0.00000000
2026-06-26 21:30:59.278,0,0,1,0.00000000
2026-06-26 21:31:00.078,0,0,1,0.00000000
2026-06-26 21:31:00.881,0,0,1,0.00000000
2026-06-26 21:31:01.681,0,0,1,0.00000000
2026-06-26 21:31:02.482,0,0,1,0.00000000
2026-06-26 21:31:03.284,0,0,1,0.00000000
2026-06-26 21:31:04.085,0,0,1,0.00000000
2026-06-26 21:31:04.888,0,0,1,0.00000000
2026-06-26 21:31:05.693,0,0,1,0.00000000
2026-06-26 21:31:06.498,0,0,1,0.00000000
2026-06-26 21:31:07.298,0,0,1,0.00000000
2026-06-26 21:31:08.103,0,0,1,0.00000000
2026-06-26 21:31:08.904,0,0,1,0.00000000
2026-06-26 21:31:09.709,0,0,1,0.00000000
2026-06-26 21:31:10.511,0,0,1,0.00000000
2026-06-26 21:31:11.314,0,0,1,0.00000000
2026-06-26 21:31:12.116,0,0,1,0.00000000
2026-06-26 21:31:12.917,0,0,1,0.00000000
2026-06-26 21:31:13.720,0,0,1,0.00000000
2026-06-26 21:31:14.522,0,0,1,0.00000000
2026-06-26 21:31:15.323,0,0,1,0.00000000
2026-06-26 21:31:16.132,0,0,1,0.00000000
2026-06-26 21:31:16.943,0,0,1,0.00000000
2026-06-26 21:31:17.746,0,0,1,0.00000000
2026-06-26 21:31:18.548,0,0,1,0.00000000
2026-06-26 21:31:19.351,0,0,1,0.00000000
2026-06-26 21:31:20.151,0,0,1,0.00000000
2026-06-26 21:31:20.952,0,0,1,0.00000000
2026-06-26 21:31:21.753,0,0,1,0.00000000
2026-06-26 21:31:22.556,0,0,1,0.00000000
2026-06-26 21:31:23.357,0,0,1,0.00000000
2026-06-26 21:31:24.164,0,0,1,0.00000000
2026-06-26 21:31:24.969,0,0,1,0.00000000
2026-06-26 21:31:25.779,0,0,1,0.00000000
2026-06-26 21:31:26.579,0,0,1,0.00000000
2026-06-26 21:31:27.382,0,0,1,0.00000000
2026-06-26 21:31:28.183,0,0,1,0.00000000
2026-06-26 21:31:28.997,0,0,1,0.00000000
2026-06-26 21:31:29.803,0,0,1,0.00000000
2026-06-26 21:31:30.607,0,0,1,0.00000000
2026-06-26 21:31:31.413,0,0,1,0.00000000
2026-06-26 21:31:32.217,0,0,1,0.00000000
2026-06-26 21:31:33.020,0,0,1,0.00000000
2026-06-26 21:31:33.821,0,0,1,0.00000000
2026-06-26 21:31:34.623,0,0,1,0.00000000
2026-06-26 21:31:35.426,0,0,1,0.00000000
2026-06-26 21:31:36.230,0,0,1,0.00000000
2026-06-26 21:31:37.031,0,0,1,0.00000000
2026-06-26 21:31:37.853,0,0,1,0.00000000
2026-06-26 21:31:38.658,0,0,1,0.00000000
2026-06-26 21:31:39.461,0,0,1,0.00000000
2026-06-26 21:31:40.261,0,0,1,0.00000000
2026-06-26 21:31:41.066,0,0,1,0.00000000
2026-06-26 21:31:41.867,0,0,1,0.00000000
2026-06-26 21:31:42.670,0,0,1,0.00000000
2026-06-26 21:31:43.473,0,0,1,0.00000000
2026-06-26 21:31:44.280,0,0,1,0.00000000
2026-06-26 21:31:45.083,0,0,1,0.00000000
2026-06-26 21:31:45.884,0,0,1,0.00000000
2026-06-26 21:31:46.688,0,0,1,0.00000000
2026-06-26 21:31:47.504,0,0,1,0.00000000
2026-06-26 21:31:48.311,0,0,1,0.00000000
2026-06-26 21:31:49.114,0,0,1,0.00000000
2026-06-26 21:31:49.914,0,0,1,0.00000000
2026-06-26 21:31:50.718,0,0,1,0.00000000
2026-06-26 21:31:51.520,0,0,1,0.00000000
2026-06-26 21:31:52.324,0,0,1,0.00000000
2026-06-26 21:31:53.125,0,0,1,0.00000000
2026-06-26 21:31:53.927,0,0,1,0.00000000
2026-06-26 21:31:54.739,0,0,1,0.00000000
2026-06-26 21:31:55.542,0,0,1,0.00000000
2026-06-26 21:31:56.347,0,0,1,0.00000000
2026-06-26 21:31:57.151,0,0,1,0.00000000
2026-06-26 21:31:57.951,0,0,1,0.00000000
2026-06-26 21:33:03.945,0,0,1,0.00000000
2026-06-26 21:33:04.750,0,0,1,0.00000000
2026-06-26 21:33:05.555,0,0,1,0.00000000
2026-06-26 21:33:06.356,0,0,1,0.00000000
2026-06-26 21:33:07.157,0,0,1,0.00000000
2026-06-26 21:33:07.960,0,0,1,0.00000000
2026-06-26 21:33:08.762,0,0,1,0.00000000
2026-06-26 21:33:09.565,0,0,1,0.00000000
2026-06-26 21:33:10.369,0,0,1,0.00000000
2026-06-26 21:33:11.171,0,0,1,0.00000000
2026-06-26 21:33:11.971,0,0,1,0.00000000
2026-06-26 21:33:12.772,0,0,1,0.00000000
2026-06-26 21:33:13.577,0,0,1,0.00000000
2026-06-26 21:33:14.384,0,0,1,0.00000000
2026-06-26 21:33:15.192,0,0,1,0.00000000
2026-06-26 21:33:15.995,0,0,1,0.00000000
2026-06-26 21:33:16.800,0,0,1,0.00000000
2026-06-26 21:33:17.600,0,0,1,0.00000000
2026-06-26 21:33:18.407,0,0,1,0.00000000
2026-06-26 21:33:19.211,0,0,1,0.00000000
2026-06-26 21:33:20.013,0,0,1,0.00000000
2026-06-26 21:33:20.813,0,0,1,0.00000000
2026-06-26 21:33:21.618,0,0,1,0.00000000
2026-06-26 21:33:22.418,0,0,1,0.00000000
2026-06-26 21:33:23.220,0,0,1,0.00000000
2026-06-26 21:33:24.020,0,0,1,0.00000000
2026-06-26 21:33:24.824,0,0,1,0.00000000
2026-06-26 21:33:25.626,0,0,1,0.00000000
2026-06-26 21:33:26.428,0,0,1,0.00000000
2026-06-26 21:33:27.231,0,0,1,0.00000000
2026-06-26 21:33:28.036,0,0,1,0.00000000
2026-06-26 21:33:28.875,0,0,1,0.00000000
2026-06-26 21:34:24.345,0,0,1,0.00000000
2026-06-26 21:34:25.145,0,0,1,0.00000000
2026-06-26 21:34:25.945,0,0,1,0.00000000
2026-06-26 21:34:26.746,0,0,1,0.00000000
2026-06-26 21:34:27.548,0,0,1,0.00000000
2026-06-26 21:34:28.350,0,0,1,0.00000000
2026-06-26 21:34:29.150,0,0,1.0529,0.00000000
2026-06-26 21:34:29.954,0,0,1.0,0.00000000
2026-06-26 21:34:30.757,0,0,1.0,0.00000000
2026-06-26 21:34:31.559,0,0,1.0,0.00000000
2026-06-26 21:34:32.359,0,0,1.0,0.00000000
2026-06-26 21:34:33.164,0,0,1.0,0.00000000
2026-06-26 21:34:33.968,0,0,1.0,0.00000000
2026-06-26 21:34:34.770,0,0,1.0,0.00000000
2026-06-26 21:34:35.572,0,0,1.0,0.00000000
2026-06-26 21:34:36.374,3.4000000000000004,0,1.0,0.00000000
2026-06-26 21:34:37.178,0.0,0,1.0,0.00000000
2026-06-26 21:34:37.979,0.0,0,1.0,0.00000000
2026-06-26 21:34:38.780,0.0,0,1.0,0.00000000
2026-06-26 21:34:39.581,0.0,0,1.0,0.00000000
2026-06-26 21:34:40.383,0.0,0,1.0,0.00000000
2026-06-26 21:34:41.187,0.0,0,1.0,0.00000000
2026-06-26 21:34:41.992,0.0,0,1.0,0.00000000
2026-06-26 21:34:42.798,0.0,0,1.0,0.00000000
2026-06-26 21:34:43.599,0.0,0,1.0,0.00000000
2026-06-26 21:34:44.399,0.0,0,1.0,0.00000000
2026-06-26 21:34:45.201,0.0,0,1.0,0.00000000
2026-06-26 21:34:46.002,0.0,0,1.0,0.00000000
2026-06-26 21:34:46.802,0.0,0,1.0,0.00000000
2026-06-26 21:34:47.603,0.0,0,1.0,0.00000000
2026-06-26 21:34:48.403,0.0,0,1.0,0.00000000
2026-06-26 21:34:49.203,0.0,0,1.0,0.00000000
2026-06-26 21:34:50.004,0.0,0,1.0,0.00000000
2026-06-26 21:34:50.807,1.6,0,1.0,0.00000000
2026-06-26 21:34:51.612,0.0,0,1.0,0.00000000
2026-06-26 21:34:52.416,0.0,0,1.0,0.00000000
2026-06-26 21:34:53.224,0.0,0,1.0,0.00000000
2026-06-26 21:34:54.026,0.0,0,1.0,0.00000000
2026-06-26 21:34:54.827,0.0,0,1.0,0.00000000
2026-06-26 21:34:55.630,0.0,0,1.0,0.00000000
2026-06-26 21:34:56.438,0.0,0,1.0,0.00000000
2026-06-26 21:34:57.239,2.5,0,1.0,0.00000000
2026-06-26 21:34:58.039,0.0,0,1.0,0.00000000
2026-06-26 21:34:58.840,0.0,0,1.0,0.00000000
2026-06-26 21:34:59.655,0.0,0,1.0,0.00000000
2026-06-26 21:35:00.455,0.0,0,1.0,0.00000000
2026-06-26 21:35:01.256,0.0,0,1.0,0.00000000
2026-06-26 21:35:02.059,0.0,0,1.0,0.00000000
2026-06-26 21:35:02.861,0.0,0,1.0,0.00000000
2026-06-26 21:35:03.666,0.0,0,1.0,0.00000000
2026-06-26 21:35:04.468,0.0,0,1.0,0.00000000
2026-06-26 21:35:05.272,0.0,0,1.0,0.00000000
2026-06-26 21:35:06.076,0.0,0,1.0,0.00000000
2026-06-26 21:35:06.878,1.6,0,1.0,0.00000000
2026-06-26 21:35:07.680,3.0,0,1.0,0.00000000
2026-06-26 21:35:08.484,0.0,0,1.0,0.00000000
2026-06-26 21:35:09.285,0.0,0,1.0,0.00000000
2026-06-26 21:35:10.092,0.0,0,1.0,0.00000000
2026-06-26 21:35:10.893,0.0,0,1.0,0.00000000
2026-06-26 21:35:11.693,0.0,0,1.0,0.00000000
2026-06-26 21:35:12.495,0.0,0,1.0,0.00000000
2026-06-26 21:35:13.297,0.0,0,1.0,0.00000000
2026-06-26 21:35:14.102,0.0,0,1.0,0.00000000
2026-06-26 21:35:14.903,0.0,0,1.0,0.00000000
2026-06-26 21:35:15.706,0.0,0,1.0,0.00000000
2026-06-26 21:35:16.519,0.0,0,1.0,0.00000000
2026-06-26 21:35:17.320,0.0,0,1.0,0.00000000
2026-06-26 21:35:18.121,0.0,0,1.0,0.00000000
2026-06-26 21:35:18.922,0.0,0,1.0,0.00000000
2026-06-26 21:35:19.723,0.0,0,1.0,0.00000000
2026-06-26 21:35:20.529,0.0,0,1.0,0.00000000
2026-06-26 21:35:21.341,0.0,0,1.0,0.00000000
2026-06-26 21:35:22.145,0.0,0,1.0,0.00000000
2026-06-26 21:35:22.947,0.0,0,1.0,0.00000000
2026-06-26 21:35:23.747,0.0,0,1.0,0.00000000
2026-06-26 21:35:24.548,0.0,0,1.0,0.00000000
2026-06-26 21:35:25.350,0.0,0,1.0,0.00000000
2026-06-26 21:35:26.151,0.0,0,1.0,0.00000000
2026-06-26 21:35:26.952,0.0,0,1.0,0.00000000
2026-06-26 21:35:27.753,0.0,0,1.0,0.00000000
2026-06-26 21:35:28.555,0.0,0,1.0,0.00000000
2026-06-26 21:35:29.366,0.0,0,1.0,0.00000000
2026-06-26 21:35:30.167,0.0,0,1.0,0.00000000
2026-06-26 21:35:30.970,0.0,0,1.0,0.00000000
2026-06-26 21:35:31.771,0.0,0,1.0,0.00000000
2026-06-26 21:35:32.577,0.0,0,1.0,0.00000000
2026-06-26 21:35:33.378,0.0,0,1.0,0.00000000
2026-06-26 21:35:34.179,0.0,0,1.0,0.00000000
2026-06-26 21:35:34.980,0.0,0,1.0,0.00000000
2026-06-26 21:35:35.783,0.0,0,1.0,0.00000000
2026-06-26 21:36:28.954,0,0,1,0.00000000
2026-06-26 21:37:35.366,0,0,1,0.00000000
2026-06-26 21:37:36.168,0,0,1,0.00000000
2026-06-26 21:37:36.979,2.8000000000000003,0,1,0.00000000
2026-06-26 21:37:37.779,0.7000000000000001,0,1,0.00000000
2026-06-26 21:37:38.585,0.0,0,1,0.00000000
2026-06-26 21:37:39.387,0.0,0,1,0.00000000
2026-06-26 21:37:40.192,0.0,0,1,0.00000000
2026-06-26 21:37:40.992,0.0,0,1,0.00000000
2026-06-26 21:37:41.795,0.0,0,1,0.00000000
2026-06-26 21:37:42.596,0.0,0,1,0.00000000
2026-06-26 21:37:43.405,0.0,0,1,0.00000000
2026-06-26 21:37:44.216,0.0,0,1,0.00000000
2026-06-26 21:37:45.017,0.0,0,1,0.00000000
2026-06-26 21:37:45.820,0.0,0,1,0.00000000
2026-06-26 21:37:46.622,0.0,0,1,0.00000000
2026-06-26 21:37:47.422,2.5,0,1,0.00000000
2026-06-26 21:37:48.225,0.0,0,1,0.00000000
2026-06-26 21:37:49.028,0.0,0,1,0.00000000
2026-06-26 21:37:49.916,0.0,0,1,0.00000000
2026-06-26 21:37:50.719,0.0,0,1,0.00000000
2026-06-26 21:37:51.520,0.0,0,1,0.00000000
2026-06-26 21:37:52.320,0.0,0,1,0.00000000
2026-06-26 21:37:53.120,0.0,0,1,0.00000000
2026-06-26 21:37:53.920,0.0,0,1,0.00000000
2026-06-26 21:37:54.721,0.0,0,1,0.00000000
2026-06-26 21:37:55.525,0.0,0,1,0.00000000
2026-06-26 21:37:56.332,0.0,0,1,0.00000000
2026-06-26 21:37:57.142,0.0,0,1,0.00000000
2026-06-26 21:37:57.943,0.0,0,1,0.00000000
2026-06-26 21:37:58.743,0.0,0,1,0.00000000
2026-06-26 21:37:59.544,0.0,0,1,0.00000000
2026-06-26 21:38:00.346,0.0,0,1,0.00000000
2026-06-26 21:38:01.147,0.0,0,1,0.00000000
2026-06-26 21:38:01.948,0.0,0,1,0.00000000
2026-06-26 21:38:02.749,0.0,0,1,0.00000000
2026-06-26 21:38:03.550,0.0,0,1,0.00000000
2026-06-26 21:38:04.351,0.0,0,1,0.00000000
2026-06-26 21:38:05.157,0.0,0,1,0.00000000
2026-06-26 21:38:05.964,0.0,0,1,0.00000000
2026-06-26 21:38:40.458,0,0,1,0.00000000
2026-06-26 21:38:41.262,0,0,1,0.00000000
2026-06-26 21:38:42.062,1.8,0,1,0.00000000
2026-06-26 21:38:42.864,0.0,0,1,0.00000000
2026-06-26 21:38:43.679,0.0,0,1,0.00000000
2026-06-26 21:38:44.478,0.0,0,1,0.00000000
2026-06-26 21:38:45.279,0.0,0,1,0.00000000
2026-06-26 21:38:46.087,0.0,0,1,0.00000000
2026-06-26 21:38:46.888,0.0,0,1,0.00000000
2026-06-26 21:38:47.689,0.0,0,1,0.00000000
2026-06-26 21:39:03.737,0,0,1,0.00000000
2026-06-26 21:39:04.557,0,0,1,0.00000000
2026-06-26 21:39:05.357,0,0,1,0.00000000
2026-06-26 21:39:06.162,0,0,1,0.00000000
2026-06-26 21:39:06.962,3.0,0,1,0.00000000
2026-06-26 21:39:07.765,0.9,0,1,0.00000000
2026-06-26 21:39:08.570,0.0,0,1,0.00000000
2026-06-26 21:39:09.373,0.0,0,1,0.00000000
2026-06-26 21:39:10.174,0.0,0,1,0.00000000
2026-06-26 21:39:10.975,0.0,0,1,0.00000000
2026-06-26 21:39:11.775,0.0,0,1,0.00000000
2026-06-26 21:39:12.575,0.0,0,1,0.00000000
2026-06-26 21:40:20.548,0,0.04999999999999999,1,0.00000000
2026-06-26 21:40:21.349,0,0.04999999999999999,1,0.00000000
2026-06-26 21:40:22.153,0,0.04999999999999999,1,0.00000000
2026-06-26 21:40:22.955,0,0.04999999999999999,1,0.00000000
2026-06-26 21:40:23.758,0,0.04999999999999999,1,0.00000000
2026-06-26 21:40:24.558,0,0.04999999999999999,1,0.00000000
2026-06-26 21:40:25.364,0,0.04999999999999999,1,0.00000000
2026-06-26 21:40:26.168,3.0,0.04999999999999999,1,0.00000000
2026-06-26 21:40:26.974,0.0,0.04999999999999999,1,0.00000000
2026-06-26 21:40:27.774,0.0,0.04999999999999999,1,0.00000000
2026-06-26 21:40:28.642,0.0,0.04999999999999999,1,0.00000000
2026-06-26 21:40:29.443,0.0,0.04999999999999999,1,0.00000000
2026-06-26 21:40:30.248,0.0,0.04999999999999999,1,0.45503682
2026-06-26 21:40:31.057,0.0,0.04999999999999999,1,0.49782798
2026-06-26 21:40:31.865,0.0,0.04999999999999999,1,0.50157458
2026-06-26 21:40:32.668,0.0,0.04999999999999999,1,0.49899104
2026-06-26 21:40:33.469,0.0,0.04999999999999999,1,0.49899101
2026-06-26 21:40:34.270,0.0,0.04999999999999999,1,0.49899104
2026-06-26 21:40:35.070,0.0,0.04999999999999999,1,0.49899104
2026-06-26 21:40:35.871,0.0,0.04999999999999999,1,0.49899104
2026-06-26 21:40:36.672,0.0,0.04999999999999999,1,0.49899104
2026-06-26 21:40:37.474,0.0,0.04999999999999999,1,0.49899104
2026-06-26 21:40:38.274,1.7000000000000002,0.04999999999999999,1,0.49899104
2026-06-26 21:40:39.077,0.0,0.04999999999999999,1,0.49899104
2026-06-26 21:40:39.879,0.0,0.04999999999999999,1,0.49899104
2026-06-26 21:40:40.684,0.0,0.04999999999999999,1,0.49899104
2026-06-26 21:40:41.485,0.0,0.04999999999999999,1,0.49899104
2026-06-26 21:40:42.287,0.0,0.04999999999999999,1,0.49899104
2026-06-26 21:40:43.088,0.0,0.04999999999999999,1,0.49899104
2026-06-26 21:40:43.898,2.3000000000000003,0.04999999999999999,1,0.49899104
2026-06-26 21:40:44.708,0.0,0.04999999999999999,1,0.49899104
2026-06-26 21:40:45.509,0.0,0.04999999999999999,1,0.49899104
2026-06-26 21:40:46.312,0.0,0.04999999999999999,1,0.49899104
2026-06-26 21:40:47.115,0.0,0.04999999999999999,1,0.49899104
2026-06-26 21:40:47.922,0.0,0.04999999999999999,1,0.49899104
2026-06-26 21:40:48.722,0.0,0.04999999999999999,1,0.49899104
2026-06-26 21:40:49.524,0.0,0.04999999999999999,1,0.49899104
2026-06-26 21:40:50.327,0.0,0.04999999999999999,1,0.49899104
2026-06-26 21:40:51.128,0.0,0.04999999999999999,1,0.49899104
2026-06-26 21:40:51.930,0.0,0.04999999999999999,1,0.49899104
2026-06-26 21:40:52.730,0.0,0.04999999999999999,1,0.49899104
2026-06-26 21:40:53.532,0.1,0.04999999999999999,1,0.49899104
2026-06-26 21:40:54.340,1.4000000000000001,0.04999999999999999,1,0.49899104
2026-06-26 21:40:55.140,0.0,0.04999999999999999,1,0.49899104
2026-06-26 21:40:55.941,0.0,0.04999999999999999,1,0.49899104
2026-06-26 21:40:56.741,0.0,0.04999999999999999,1,0.49899107
2026-06-26 21:40:57.541,0.0,0.04999999999999999,1,0.49899104
2026-06-26 21:40:58.342,0.0,0.04999999999999999,1,0.49899104
2026-06-26 21:40:59.146,0.0,0.04999999999999999,1,0.49899104
2026-06-26 21:40:59.949,0.0,0.04999999999999999,1,0.49899104
2026-06-26 21:41:00.750,0.0,0.04999999999999999,1,0.49899107
2026-06-26 21:41:01.551,0.0,0.04999999999999999,1,0.49899104
2026-06-26 21:41:02.353,0.0,0.04999999999999999,1,0.49899104
2026-06-26 21:41:03.153,0.0,0.04999999999999999,1,0.49899104
2026-06-26 21:41:03.958,0.0,0.04999999999999999,1,0.49899104
2026-06-26 21:41:04.762,0.0,0.04999999999999999,1,0.49899104
2026-06-26 21:41:05.570,0.0,0.04999999999999999,1,0.49899104
2026-06-26 21:41:06.373,0.0,0.04999999999999999,1,0.49899104
2026-06-26 21:41:07.173,0.0,0.04999999999999999,1,0.49899104
2026-06-26 21:41:07.976,0.0,0.04999999999999999,1,0.49899104
2026-06-26 21:41:08.776,0.0,0.04999999999999999,1,0.49899104
2026-06-26 21:41:09.576,0.0,0.04999999999999999,1,0.00000000
2026-06-26 21:41:10.380,0.0,0.04999999999999999,1,0.50012213
2026-06-26 21:41:11.180,0.0,0.04999999999999999,1,0.50012219
2026-06-26 21:41:11.984,0.0,0.04999999999999999,1,0.31158352
2026-06-26 21:41:12.788,0.0,0.04999999999999999,1,0.49975345
2026-06-26 21:41:13.590,0.0,0.04999999999999999,1,0.50000000
2026-06-26 21:41:14.391,0.0,0.04999999999999999,1,0.00000000
2026-06-26 21:41:15.192,0.0,0.04999999999999999,1,0.49987790
2026-06-26 21:41:15.992,0.0,0.04999999999999999,1,0.50000000
2026-06-26 21:41:16.793,0.0,0.04999999999999999,1,0.49987787
2026-06-26 21:41:17.594,0.0,0.04999999999999999,1,0.50060040
2026-06-26 21:41:18.395,0.0,0.04999999999999999,1,0.50111169
2026-06-26 21:41:19.201,0.0,0.04999999999999999,1,0.49678853
2026-06-26 21:41:20.005,0.0,0.04999999999999999,1,0.50651652
2026-06-26 21:41:20.805,0.0,0.04999999999999999,1,0.50651652
2026-06-26 21:41:21.607,0.0,0.04999999999999999,1,0.50651652
2026-06-26 21:41:22.419,0.0,0.04999999999999999,1,0.50651652
2026-06-26 21:41:23.222,0.0,0.04999999999999999,1,0.50651652
2026-06-26 21:41:24.025,0.0,0.04999999999999999,1,0.50651652
2026-06-26 21:41:24.829,0.0,0.04999999999999999,1,0.50651652
2026-06-26 21:41:25.700,0.0,0.04999999999999999,1,0.50651646
2026-06-26 21:41:26.502,0.0,0.04999999999999999,1,0.50651652
2026-06-26 21:41:27.304,0.0,0.04999999999999999,1,0.50651652
2026-06-26 21:41:28.104,0.0,0.04999999999999999,1,0.50651652
2026-06-26 21:41:28.906,0.0,0.04999999999999999,1,0.50651652
2026-06-26 21:41:29.710,0.0,0.04999999999999999,1,0.50651652
2026-06-26 21:41:30.515,0.0,0.04999999999999999,1,0.50651652
2026-06-26 21:41:31.316,0.0,0.04999999999999999,1,0.50651658
2026-06-26 21:41:32.118,0.0,0.04999999999999999,1,0.50651652
2026-06-26 21:41:32.919,0.0,0.04999999999999999,1,0.50651652
2026-06-26 21:41:33.719,0.0,0.04999999999999999,1,0.50651652
2026-06-26 21:41:34.519,0.0,0.04999999999999999,1,0.50651652
2026-06-26 21:41:35.325,0.0,0.04999999999999999,1,0.50651652
2026-06-26 21:41:36.125,0.0,0.04999999999999999,1,0.50651658
2026-06-26 21:41:36.966,1.7000000000000002,0.04999999999999999,1,0.50651658
2026-06-26 21:41:37.768,0.0,0.04999999999999999,1,0.50651652
2026-06-26 21:41:38.570,0.0,0.04999999999999999,1,0.50651652
2026-06-26 21:41:39.370,0.0,0.04999999999999999,1,0.50651658
2026-06-26 21:41:40.172,3.1,0.04999999999999999,1,0.50651652
2026-06-26 21:41:40.972,0.0,0.04999999999999999,1,0.50651652
2026-06-26 21:41:41.781,0.0,0.04999999999999999,1,0.50651652
2026-06-26 21:41:42.586,0.0,0.04999999999999999,1,0.50651652
2026-06-26 21:41:43.387,0.0,0.04999999999999999,1,0.50651658
2026-06-26 21:41:44.203,1.6,0.04999999999999999,1,0.50651652
2026-06-26 21:41:45.003,4.1000000000000005,0.04999999999999999,1,0.50651652
2026-06-26 21:41:45.804,0.0,0.04999999999999999,1,0.50651658
2026-06-26 21:41:46.607,0.0,0.04999999999999999,1,0.50651652
2026-06-26 21:41:47.409,0.0,0.04999999999999999,1,0.50651652
2026-06-26 21:41:48.216,0.0,0.04999999999999999,1,0.50651652
2026-06-26 21:41:49.017,0.0,0.04999999999999999,1,0.50651652
2026-06-26 21:41:49.818,0.0,0.04999999999999999,1,0.50651658
2026-06-26 21:41:50.620,0.0,0.04999999999999999,1,0.50651652
2026-06-26 21:41:51.420,0.0,0.04999999999999999,1,0.50651652
2026-06-26 21:41:52.222,0.0,0.04999999999999999,1,0.50651652
2026-06-26 21:41:53.024,0.0,0.04999999999999999,1,0.50651652
2026-06-26 21:41:53.829,0.0,0.04999999999999999,1,0.50651652
2026-06-26 21:41:54.632,0.0,0.04999999999999999,1,0.50651652
2026-06-26 21:41:55.434,0.0,0.04999999999999999,1,0.50651652
2026-06-26 21:41:56.245,0.2,0.04999999999999999,1,0.50651652
2026-06-26 21:41:57.054,2.8000000000000003,0.04999999999999999,1,0.50651652
2026-06-26 21:41:57.855,2.9000000000000004,0.04999999999999999,1,0.50651652
2026-06-26 21:41:58.658,0.0,0.04999999999999999,1,0.50651652
2026-06-26 21:41:59.458,2.7,0.04999999999999999,1,0.50651652
2026-06-26 21:42:00.258,4.9,0.04999999999999999,1,0.50651652
2026-06-26 21:42:01.062,0.0,0.04999999999999999,1,0.50651652
2026-06-26 21:42:01.870,0.0,0.04999999999999999,1,0.50651652
2026-06-26 21:42:02.675,0.0,0.04999999999999999,1,0.50651652
2026-06-26 21:42:03.475,0.0,0.04999999999999999,1,0.50651652
2026-06-26 21:42:04.279,0.0,0.04999999999999999,1,0.50651652
2026-06-26 21:42:05.080,0.0,0.04999999999999999,1,0.50651652
2026-06-26 21:42:05.882,0.0,0.04,1,0.50651652
2026-06-26 21:42:06.688,0.0,0.04,1,0.50651652
2026-06-26 21:42:07.489,0.0,0.05,1,0.50651652
2026-06-26 21:42:08.292,0.0,0.05,1,0.50651652
2026-06-26 21:42:09.095,0.0,0.060000000000000005,1,0.50651652
2026-06-26 21:42:09.896,0.0,0.060000000000000005,1,0.50651652
2026-06-26 21:42:10.698,0.0,0.05,1,0.50651652
2026-06-26 21:42:11.499,0.0,0.04,1,0.50651652
2026-06-26 21:42:12.306,0.0,0.04,1,0.50651652
2026-06-26 21:42:13.106,0.0,0.04,1,0.50651652
2026-06-26 21:42:13.909,0.0,0.04,1,0.50651658
2026-06-26 21:42:14.714,0.0,0.04,1,0.50651652
2026-06-26 21:42:15.520,0.0,0.04,1,0.50651652
2026-06-26 21:42:16.320,0.0,0.04,1,0.50651658
2026-06-26 21:42:17.121,0.0,0.04,1,0.50651652
2026-06-26 21:42:17.921,0.0,0.04,1,0.50651652
2026-06-26 21:42:18.722,0.0,0.05,1,0.50651652
2026-06-26 21:42:19.525,0.0,0.05,1,0.50651652
2026-06-26 21:42:20.356,0.0,0.05,1,0.50651652
2026-06-26 21:42:21.157,0.0,0.05,1,0.50651652
2026-06-26 21:42:21.960,0.0,0.05,1,0.50651652
2026-06-26 21:42:22.761,0.0,0.05,1,0.50651652
2026-06-26 21:42:23.562,0.0,0.05,1,0.50651652
2026-06-26 21:42:24.362,0.0,0.05,1,0.50651652
2026-06-26 21:42:25.164,0.0,0.05,1,0.50651652
2026-06-26 21:42:25.965,0.0,0.05,1,0.50651646
2026-06-26 21:42:26.766,0.0,0.05,1,0.50651652
2026-06-26 21:42:27.567,0.0,0.05,1,0.50651652
2026-06-26 23:37:01.019,0,0,1,0.00000000
2026-06-26 23:37:01.819,0,0,1,0.00000000
2026-06-26 23:37:33.372,0,0,1,0.00000000
2026-06-26 23:37:34.177,0,0,1,0.00000000
2026-06-26 23:37:34.980,0,0,1,0.00000000
2026-06-26 23:37:35.780,0,0,1,0.00000000
